{"cameraMode":{"drawMode":0,"name":"Shaded","section":"Shading Mode"},"sceneLighting":false,"audioPlay":false,"sceneViewState":{"showFog":true,"showMaterialUpdate":false,"showSkybox":false,"showFlares":true,"showImageEffects":true,"showParticleSystems":true},"in2DMode":false,"pivot":{"x":1.2839000225067139,"y":0.17910000681877137,"z":-2.7790000438690187},"rotation":{"x":-0.1280381977558136,"y":-0.02323911525309086,"z":0.0028877551667392256,"w":-0.9915688037872315},"size":0.13842158019542695,"orthographic":false}