{"cameraMode":{"drawMode":0,"name":"Shaded","section":"Shading Mode"},"sceneLighting":false,"audioPlay":false,"sceneViewState":{"showFog":true,"showMaterialUpdate":false,"showSkybox":false,"showFlares":true,"showImageEffects":true,"showParticleSystems":true},"in2DMode":false,"pivot":{"x":0.7390538454055786,"y":0.06479088217020035,"z":-1.0212410688400269},"rotation":{"x":-0.17670439183712007,"y":-0.05551687628030777,"z":0.009870517998933792,"w":-0.9826862812042236},"size":2.1850292682647707,"orthographic":false}