{"cameraMode":{"drawMode":0,"name":"Shaded","section":"Shading Mode"},"sceneLighting":false,"audioPlay":false,"sceneViewState":{"showFog":true,"showMaterialUpdate":false,"showSkybox":false,"showFlares":true,"showImageEffects":true,"showParticleSystems":true},"in2DMode":false,"pivot":{"x":11.327534675598145,"y":1.1194721460342408,"z":2.2024271488189699},"rotation":{"x":-0.09060545265674591,"y":-0.6927740573883057,"z":0.08838094025850296,"w":-0.7099969983100891},"size":10.0,"orthographic":false}